{
  "loss": [
    2.437158509608238,
    2.2987895790607697,
    2.2979616599698223,
    2.296974684922926,
    2.29352508629522,
    2.279617633550398,
    2.2351575570721782,
    2.1442417353391647,
    2.0027919940410124,
    1.8909714818000793,
    1.8239865226130332,
    1.750238238803802,
    1.6984687562911742,
    1.636785057283217,
    1.5666947018715642,
    1.5443901390798631,
    1.4936755193818,
    1.411171414198414,
    1.3276077518540044,
    1.2701306273379633,
    1.170939052297223,
    1.3618497716323021,
    1.118556050523635,
    0.9929197423400418,
    0.9084748207561432,
    0.9117290081997071,
    1.3551184770561033,
    2.304691571381784,
    2.3015016077026242,
    2.2995861643745052,
    2.2983518242836,
    2.2976364445301796,
    2.2971108575021066,
    2.296954893296765,
    2.2967261431678647,
    2.296630952627428,
    2.2967126552135713,
    2.2965023248426375,
    2.2964231410334186,
    2.296481934285933,
    2.2964858528106444,
    2.296395391225815,
    2.2964533423223803,
    2.296363324888291,
    2.2964096328904553,
    2.2965161329315555,
    2.2964501602034413,
    2.2963190136417264,
    2.2963056150944,
    2.2964520358270213,
    2.296508594866722,
    2.2963976081340545,
    2.296362369291244,
    2.296531420561575,
    2.296377650191707,
    2.296302698312267,
    2.2964233188859877,
    2.296323751249621,
    2.2963418451047715,
    2.296448245163887,
    2.2964352378922124,
    2.296389707634526,
    2.296398413758124,
    2.296364555435796,
    2.296393914568809,
    2.2963760293299154,
    2.29640487317116,
    2.2963310191708226,
    2.2963153585310905,
    2.29597776647537,
    2.2962001427527396,
    2.2961085063795887,
    2.2963726655129464,
    2.293389270382543,
    2.2643365677325957,
    2.194010439418977,
    1.94533659325492,
    1.3481944792212979,
    1.085281869336482,
    0.9248930939262913,
    1.298729941489235,
    2.301461015978167,
    2.299401560137349,
    2.2983037521762233,
    2.297358222546116,
    2.296984158215984,
    2.296871945742638,
    2.296715683514072,
    2.2965182729305758,
    2.2964506572292698,
    2.296423364070154,
    2.2964023803510973,
    2.2964081562334493,
    2.2964582077918516,
    2.2963720886938033,
    2.296434107326692,
    2.2964929265360676,
    2.2963266141953005,
    2.2964974555277053,
    2.296590556060114
  ],
  "accuracy": [
    11.917525773195877,
    11.670103092783505,
    12.123711340206185,
    13.484536082474227,
    14.969072164948454,
    19.79381443298969,
    19.463917525773194,
    21.608247422680414,
    27.1340206185567,
    24.082474226804123,
    31.95876288659794,
    34.350515463917525,
    32.78350515463917,
    31.09278350515464,
    39.79381443298969,
    33.402061855670105,
    40.865979381443296,
    60.08247422680412,
    63.75257731958763,
    62.43298969072165,
    63.09278350515464,
    48.28865979381443,
    72.0,
    68.37113402061856,
    53.69072164948454,
    80.37113402061856,
    11.29896907216495,
    11.29896907216495,
    11.29896907216495,
    11.29896907216495,
    11.29896907216495,
    11.29896907216495,
    11.29896907216495,
    11.29896907216495,
    11.29896907216495,
    11.29896907216495,
    11.29896907216495,
    11.29896907216495,
    11.29896907216495,
    11.29896907216495,
    11.29896907216495,
    11.34020618556701,
    11.257731958762887,
    11.34020618556701,
    11.257731958762887,
    11.34020618556701,
    11.257731958762887,
    11.257731958762887,
    11.257731958762887,
    11.34020618556701,
    11.34020618556701,
    11.010309278350515,
    11.29896907216495,
    11.29896907216495,
    11.29896907216495,
    10.43298969072165,
    11.29896907216495,
    11.29896907216495,
    11.216494845360824,
    11.422680412371134,
    11.29896907216495,
    11.216494845360824,
    11.257731958762887,
    11.34020618556701,
    11.29896907216495,
    11.29896907216495,
    11.34020618556701,
    13.154639175257731,
    11.54639175257732,
    12.412371134020619,
    11.010309278350515,
    11.422680412371134,
    11.587628865979381,
    12.65979381443299,
    14.185567010309278,
    29.072164948453608,
    52.577319587628864,
    69.6082474226804,
    72.74226804123711,
    43.21649484536083,
    11.29896907216495,
    11.29896907216495,
    11.29896907216495,
    11.29896907216495,
    11.29896907216495,
    11.29896907216495,
    11.29896907216495,
    11.29896907216495,
    11.29896907216495,
    11.29896907216495,
    11.29896907216495,
    11.29896907216495,
    11.29896907216495,
    11.29896907216495,
    11.29896907216495,
    11.29896907216495,
    11.29896907216495,
    11.29896907216495,
    11.29896907216495,
    11.29896907216495
  ]
}