{
  "loss": [
    2.110594380893084,
    0.8668939108948577,
    0.286117900346849,
    0.141459682060277,
    0.11281377069030507,
    0.06537821991942995,
    0.04984848226614866,
    0.03979630658493181,
    0.033426355736081416,
    0.03137569293433713,
    0.027603882132486993,
    0.024447669275796405,
    0.0284716064077038,
    0.022073479367899912,
    0.020169501785574716,
    0.020098938339624246,
    0.020450584541690974,
    0.017394397841972515,
    0.020212894269979458,
    0.017743099976604792,
    0.019407375924304436,
    0.017623612047370132,
    0.01669839979235827,
    0.01782495162449172,
    0.017171489226211534,
    0.016151197737431306,
    0.01710410298570111,
    0.037267196208235834,
    0.028851443845778486,
    0.021235523664004653,
    0.019711877684003128,
    0.019815608748091688,
    2.304747003356704,
    2.2967427934463944,
    2.2965941245058508,
    2.2964244446403996,
    2.2964266033285887,
    2.296384301111268,
    2.296386481393419,
    2.2964966196259837,
    2.296438037685403,
    2.2964427607450646,
    2.29647478494453,
    2.2963858576465204,
    2.296381896039514,
    2.2964948756480625,
    2.2963878814609475,
    2.296470810770546,
    2.2964719478165385,
    2.2964268934310765,
    2.296415334112483,
    2.2964125985823123,
    2.296527222517958,
    2.296469297069218,
    2.2964682115301347,
    2.2965046984227215,
    2.2965043076074116,
    2.2964677681459174,
    2.2963896418998395,
    2.2964101657216074,
    2.2964681095783144,
    2.2964466910231263,
    2.2963522885937824,
    2.296352153366021,
    2.2964666953508113,
    2.296352764545942,
    2.296468911563899,
    2.2964085667064302,
    2.2964098345551918,
    2.296387680035303,
    2.296387140717255,
    2.2964089267237946,
    2.2964094439168816,
    2.296408143146178,
    2.2963867605219264,
    2.296444857660363,
    2.2964667776556658,
    2.2964086451172916,
    2.2964087405201234,
    2.296351738655753,
    2.2964068660934323,
    2.2963860197782338,
    2.29640915593839,
    2.2963509487061478,
    2.2963513248304834,
    2.296467601235212,
    2.2964657179585366,
    2.296352498338412,
    2.2965249202830225,
    2.296524544512686,
    2.296423085636799,
    2.2964102342204864,
    2.296408189697096,
    2.2964090284986147,
    2.2963518016676416,
    2.2963876421573697,
    2.296466330200456,
    2.296409610650587,
    2.296352300098762,
    2.2963864433384864
  ],
  "accuracy": [
    47.50515463917526,
    88.49484536082474,
    95.34020618556701,
    94.22680412371135,
    97.97938144329896,
    97.52577319587628,
    98.47422680412372,
    97.44329896907216,
    98.88659793814433,
    97.77319587628865,
    98.63917525773196,
    96.24742268041237,
    98.76288659793815,
    98.68041237113403,
    98.0618556701031,
    97.64948453608247,
    97.19587628865979,
    97.85567010309278,
    98.72164948453609,
    98.26804123711341,
    98.55670103092784,
    98.55670103092784,
    98.55670103092784,
    98.30927835051547,
    98.55670103092784,
    98.63917525773196,
    98.96907216494846,
    98.35051546391753,
    98.68041237113403,
    98.80412371134021,
    97.73195876288659,
    78.30927835051547,
    11.29896907216495,
    11.29896907216495,
    11.29896907216495,
    11.29896907216495,
    11.29896907216495,
    11.29896907216495,
    11.29896907216495,
    11.29896907216495,
    11.29896907216495,
    11.29896907216495,
    11.29896907216495,
    11.29896907216495,
    11.29896907216495,
    11.29896907216495,
    11.29896907216495,
    11.29896907216495,
    11.257731958762887,
    11.29896907216495,
    11.29896907216495,
    11.29896907216495,
    11.29896907216495,
    11.29896907216495,
    11.29896907216495,
    11.29896907216495,
    11.29896907216495,
    11.29896907216495,
    11.29896907216495,
    11.29896907216495,
    11.29896907216495,
    11.29896907216495,
    11.29896907216495,
    11.257731958762887,
    11.257731958762887,
    11.257731958762887,
    11.257731958762887,
    11.29896907216495,
    11.257731958762887,
    11.257731958762887,
    11.257731958762887,
    11.29896907216495,
    11.29896907216495,
    11.29896907216495,
    11.257731958762887,
    11.257731958762887,
    11.257731958762887,
    11.29896907216495,
    11.29896907216495,
    11.29896907216495,
    11.29896907216495,
    11.29896907216495,
    11.257731958762887,
    11.29896907216495,
    11.29896907216495,
    11.29896907216495,
    11.29896907216495,
    11.29896907216495,
    11.29896907216495,
    11.29896907216495,
    11.29896907216495,
    11.29896907216495,
    11.257731958762887,
    11.257731958762887,
    11.257731958762887,
    11.257731958762887,
    11.257731958762887,
    11.257731958762887,
    11.257731958762887,
    11.257731958762887
  ]
}